Type,Name,Request Count,Failure Count,Median Response Time,Average Response Time,Min Response Time,Max Response Time,Average Content Size,Requests/s,Failures/s,50%,66%,75%,80%,90%,95%,98%,99%,99.9%,99.99%,100%
GET,/_stcore/health,100,100,11,12.703930999973636,4.4627759998547845,42.02047299986589,157.0,9.643187238293176,9.643187238293176,11,13,14,15,26,29,33,42,42,42,42
WS,Connect,100,100,7,12.23,3,39,0.0,9.643187238293176,9.643187238293176,8,9,14,19,33,35,37,39,39,39,39
GET,Load Main Page,100,100,9,9.751032629988003,3.1994890000532905,36.13138099990465,157.0,9.643187238293176,9.643187238293176,9,10,11,12,14,20,29,36,36,36,36
,Aggregated,300,300,9,11.561654543320547,3,42.02047299986589,104.66666666666667,28.92956171487953,28.92956171487953,9,11,13,14,26,33,36,37,42,42,42
