Type,Name,Request Count,Failure Count,Median Response Time,Average Response Time,Min Response Time,Max Response Time,Average Content Size,Requests/s,Failures/s,50%,66%,75%,80%,90%,95%,98%,99%,99.9%,99.99%,100%
GET,/_stcore/health,300,0,15,17.365483066679797,5.732980000175303,57.19274700004462,2.0,4.892207732050179,0.0,15,18,20,22,28,35,53,55,57,57,57
GET,Load Logo (mock),1128,0,3,3.195701788125939,1.3163390003683162,16.508890999830328,1522.0,18.39470107250867,0.0,3,3,4,4,5,7,10,12,16,17,17
GET,Load Main Page,3503,0,3,3.9561812654835413,1.2478290000217385,42.23309400003927,1522.0,57.124678951239254,0.0,3,4,4,4,6,11,15,17,28,42,42
GET,Load Theme CSS (mock),1129,0,3,4.06104524447083,1.394094999795925,39.67411699977674,1522.0,18.411008431615503,0.0,3,4,4,4,6,11,16,18,25,40,40
,Aggregated,6060,0,3,4.497990031519209,1.2478290000217385,57.19274700004462,1446.7524752475247,98.82259618741361,0.0,3,4,4,5,9,14,19,23,52,57,57
