Type,Name,Request Count,Failure Count,Median Response Time,Average Response Time,Min Response Time,Max Response Time,Average Content Size,Requests/s,Failures/s,50%,66%,75%,80%,90%,95%,98%,99%,99.9%,99.99%,100%
GET,/_stcore/health,300,0,12,13.08818906666147,4.915147000247089,48.12473800029693,2.0,4.907228801047436,0.0,12,14,15,16,19,22,35,43,48,48,48
WS,Connect,300,0,17,41.07666666666667,6,424,0.0,4.907228801047436,0.0,18,23,37,63,120,150,260,380,420,420,420
GET,Load Main Page,300,0,12,14.183559463325158,4.970647999925859,81.5520450000804,1522.0,4.907228801047436,0.0,12,14,15,17,20,30,47,48,82,82,82
WS,Ping,5617,0,0,0.0005340929321701976,0,1,0.0,91.87968058494482,0.0,0,0,0,0,0,0,0,0,0,1,1
,Aggregated,6517,0,0,3.146773754641091,0,424,70.15497928494706,106.60136698808714,0.0,0,0,0,0,11,15,24,62,250,420,420
